Date,Fonds,Horizon minimum conseillé,Valeur Liquidative,Performances glissantes Depuis Début d'année,Performances glissantes 1 semaine,Performances glissantes 6 mois,Performances glissantes 1 an,Performances glissantes 2 ans,Performances glissantes 3 ans,Performances glissantes 5 ans
2021-01-08,ATTIJARI DIVERSIFIE,4,539.68,0.25%,0.18%,5.99%,0.55%,11.23%,9.21%,35.94%
2021-01-15,ATTIJARI DIVERSIFIE,4,543.51,0.96%,0.71%,6.43%,0.26%,11.42%,9.34%,37.15%
2021-01-22,ATTIJARI DIVERSIFIE,4,546.53,1.52%,0.56%,6.98%,0.31%,11.49%,9.69%,37.75%
2021-01-29,ATTIJARI DIVERSIFIE,4,547.58,1.72%,0.19%,7.23%,0.88%,11.53%,9.54%,37.77%
2021-02-12,ATTIJARI DIVERSIFIE,4,549.92,2.15%,0.23%,7.33%,2.47%,11.25%,10.05%,38.14%
2021-02-19,ATTIJARI DIVERSIFIE,4,548.67,1.92%,0.23%,7.05%,1.53%,10.83%,9.63%,36.87%
2021-02-26,ATTIJARI DIVERSIFIE,4,545.32,1.30%,0.61%,6.71%,1.90%,10.52%,8.99%,36.51%
2021-03-05,ATTIJARI DIVERSIFIE,4,544.22,1.09%,0.20%,6.08%,4.55%,10.38%,8.71%,35.47%
2021-03-12,ATTIJARI DIVERSIFIE,4,546.67,1.55%,0.45%,6.58%,8.68%,11.52%,9.36%,35.74%
2021-03-19,ATTIJARI DIVERSIFIE,4,545.78,1.38%,0.16%,6.88%,12.27%,11.08%,9.43%,34.87%
2021-03-26,ATTIJARI DIVERSIFIE,4,545.27,1.29%,0.09%,7.21%,11.96%,11.63%,9.01%,34.09%
2021-04-02,ATTIJARI DIVERSIFIE,4,547.33,1.67%,0.38%,7.09%,13.46%,11.98%,9.48%,35.02%
2021-04-09,ATTIJARI DIVERSIFIE,4,547.94,1.79%,0.11%,6.48%,13.83%,11.36%,9.44%,34.83%
2021-04-16,ATTIJARI DIVERSIFIE,4,549.82,2.13%,0.34%,6.31%,14.74%,11.08%,9.67%,33.58%
2021-04-23,ATTIJARI DIVERSIFIE,4,550.67,2.29%,0.15%,6.16%,15.17%,11.14%,9.70%,33.59%
2021-04-30,ATTIJARI DIVERSIFIE,4,553.8,2.87%,0.57%,7.37%,14.35%,11.70%,10.28%,33.04%
2021-05-07,ATTIJARI DIVERSIFIE,4,557.2,3.51%,0.61%,7.13%,14.60%,11.59%,11.60%,33.03%
2021-05-17,ATTIJARI DIVERSIFIE,4,560.48,4.11%,0.59%,7.54%,15.55%,11.56%,12.62%,33.26%
2021-05-21,ATTIJARI DIVERSIFIE,4,560.12,4.05%,0.06%,6.60%,14.07%,11.91%,12.32%,33.99%
2021-05-28,ATTIJARI DIVERSIFIE,4,561.21,4.25%,0.19%,7.03%,13.56%,12.11%,13.52%,34.62%
2021-06-04,ATTIJARI DIVERSIFIE,4,565.35,5.02%,0.74%,7.35%,13.18%,13.05%,13.97%,35.10%
2021-06-11,ATTIJARI DIVERSIFIE,4,567.36,5.39%,0.36%,5.99%,13.98%,12.88%,14.69%,36.00%
2021-06-18,ATTIJARI DIVERSIFIE,4,568.27,5.56%,0.16%,5.04%,12.28%,11.22%,14.91%,36.50%
2021-06-24,ATTIJARI DIVERSIFIE,4,568.73,5.65%,0.08%,5.65%,12.16%,11.83%,15.89%,36.66%
2021-07-02,ATTIJARI DIVERSIFIE,4,568.76,5.65%,0.01%,5.20%,11.68%,11.79%,16.03%,36.50%
2021-07-09,ATTIJARI DIVERSIFIE,4,566.87,5.30%,0.33%,5.04%,11.33%,10.97%,16.25%,35.97%
2021-07-16,ATTIJARI DIVERSIFIE,4,566.36,5.21%,0.09%,4.20%,10.91%,9.60%,16.13%,35.18%
2021-07-23,ATTIJARI DIVERSIFIE,4,566.97,5.32%,0.11%,3.74%,10.98%,9.31%,15.14%,34.89%
2021-08-02,ATTIJARI DIVERSIFIE,4,570.53,5.98%,0.63%,4.19%,11.72%,9.85%,15.83%,35.40%
2021-08-06,ATTIJARI DIVERSIFIE,4,571.9,6.24%,0.24%,3.76%,11.63%,10.73%,16.15%,35.53%
2021-08-13,ATTIJARI DIVERSIFIE,4,573.36,6.51%,0.26%,4.26%,11.90%,10.89%,16.68%,36.26%
2021-08-23,ATTIJARI DIVERSIFIE,4,573.64,6.56%,0.05%,4.55%,11.92%,10.86%,16.75%,36.36%
2021-08-27,ATTIJARI DIVERSIFIE,4,575.51,6.91%,0.33%,5.54%,12.61%,10.63%,17.32%,36.76%
2021-09-03,ATTIJARI DIVERSIFIE,4,575.74,6.95%,0.04%,5.79%,12.22%,11.07%,18.73%,36.66%
2021-09-10,ATTIJARI DIVERSIFIE,4,578.41,7.45%,0.46%,5.81%,12.77%,11.49%,19.00%,37.31%
2021-09-17,ATTIJARI DIVERSIFIE,4,580.66,7.86%,0.39%,6.39%,13.71%,12.96%,19.45%,38.06%
2021-09-24,ATTIJARI DIVERSIFIE,4,581.97,8.11%,0.23%,6.73%,14.43%,13.32%,19.47%,38.40%
2021-10-01,ATTIJARI DIVERSIFIE,4,581.62,8.04%,0.06%,6.26%,13.80%,13.45%,19.37%,37.32%
2021-10-08,ATTIJARI DIVERSIFIE,4,583.33,8.36%,0.29%,6.46%,13.36%,13.69%,19.83%,36.73%
2021-10-15,ATTIJARI DIVERSIFIE,4,586.27,8.91%,0.50%,6.63%,13.36%,13.77%,20.54%,36.93%
2021-10-22,ATTIJARI DIVERSIFIE,4,586.78,9.00%,0.09%,6.56%,13.12%,13.74%,20.86%,35.73%
2021-10-29,ATTIJARI DIVERSIFIE,4,590.02,9.60%,0.55%,6.54%,14.39%,14.29%,22.06%,35.82%
2021-11-05,ATTIJARI DIVERSIFIE,4,588.14,9.25%,0.32%,5.55%,13.08%,13.77%,21.26%,35.35%
2021-11-12,ATTIJARI DIVERSIFIE,4,587.42,9.12%,0.12%,4.81%,12.71%,13.27%,21.10%,34.19%
2021-11-19,ATTIJARI DIVERSIFIE,4,587.98,9.22%,0.10%,4.97%,11.90%,12.47%,21.48%,33.57%
2021-11-26,ATTIJARI DIVERSIFIE,4,585.68,8.80%,0.39%,4.36%,11.70%,11.82%,20.24%,33.32%
2021-12-03,ATTIJARI DIVERSIFIE,4,584.46,8.57%,0.21%,3.38%,10.98%,11.54%,19.97%,32.65%
2021-12-10,ATTIJARI DIVERSIFIE,4,586.49,8.95%,0.35%,3.37%,9.57%,11.09%,20.49%,31.98%
2021-12-17,ATTIJARI DIVERSIFIE,4,585.38,8.74%,0.19%,3.01%,8.20%,9.88%,20.13%,30.03%
2021-12-24,ATTIJARI DIVERSIFIE,4,584.61,8.60%,0.13%,2.79%,8.60%,9.56%,20.24%,26.22%
2021-12-31,ATTIJARI DIVERSIFIE,4,586.89,9.02%,0.39%,3.19%,8.56%,10.52%,20.85%,22.41%
2022-01-07,ATTIJARI DIVERSIFIE,4,588.62,0.29%,0.29%,3.84%,9.07%,9.67%,21.31%,22.77%
2022-01-14,ATTIJARI DIVERSIFIE,4,593.24,1.08%,0.78%,4.75%,9.15%,9.43%,21.62%,23.67%
2022-01-21,ATTIJARI DIVERSIFIE,4,592.09,0.88%,0.19%,4.43%,8.34%,8.67%,20.79%,24.07%
2022-01-28,ATTIJARI DIVERSIFIE,4,591.07,0.71%,0.17%,3.60%,7.94%,8.89%,20.39%,23.90%
2022-02-04,ATTIJARI DIVERSIFIE,4,592.93,1.03%,0.31%,3.68%,7.58%,11.27%,20.54%,25.23%
2022-02-18,ATTIJARI DIVERSIFIE,4,589.58,0.46%,0.66%,2.78%,7.46%,9.10%,19.09%,24.93%
2022-02-25,ATTIJARI DIVERSIFIE,4,579.89,1.19%,1.64%,0.76%,6.34%,8.36%,17.52%,24.25%
2022-03-04,ATTIJARI DIVERSIFIE,4,574.25,2.16%,0.97%,0.26%,5.52%,10.32%,16.48%,22.65%
2022-03-11,ATTIJARI DIVERSIFIE,3,572.18,2.51%,0.36%,1.08%,4.67%,13.75%,16.72%,22.15%
2022-03-18,ATTIJARI DIVERSIFIE,4,577.7,1.57%,0.96%,0.51%,5.85%,18.84%,17.57%,22.54%
2022-03-25,ATTIJARI DIVERSIFIE,4,574.51,2.11%,0.55%,1.28%,5.36%,17.96%,17.61%,23.12%
2022-04-01,ATTIJARI DIVERSIFIE,4,577.71,1.57%,0.56%,0.67%,5.55%,19.75%,18.20%,23.81%
2022-04-08,ATTIJARI DIVERSIFIE,4,577.77,1.56%,0.01%,0.95%,5.44%,20.02%,17.42%,24.28%
2022-04-15,ATTIJARI DIVERSIFIE,4,578.41,1.45%,0.11%,1.34%,5.20%,20.71%,16.86%,24.77%
2022-04-22,ATTIJARI DIVERSIFIE,4,581.61,0.90%,0.55%,0.88%,5.62%,21.64%,17.38%,24.85%
2022-05-06,ATTIJARI DIVERSIFIE,4,577.91,1.53%,0.26%,1.74%,3.72%,18.86%,15.74%,22.61%
2022-05-13,ATTIJARI DIVERSIFIE,4,571.9,2.56%,1.04%,2.64%,2.04%,17.91%,13.83%,21.12%
2022-05-20,ATTIJARI DIVERSIFIE,4,571.83,2.57%,0.01%,2.75%,2.09%,16.46%,14.25%,20.86%
2022-05-27,ATTIJARI DIVERSIFIE,4,568.41,3.15%,0.60%,2.95%,1.28%,15.02%,13.55%,20.10%
2022-06-03,ATTIJARI DIVERSIFIE,4,573.2,2.33%,0.84%,1.93%,1.39%,14.75%,14.62%,20.87%
2022-06-10,ATTIJARI DIVERSIFIE,4,572.06,2.53%,0.20%,2.46%,0.83%,14.93%,13.81%,20.09%
2022-06-17,ATTIJARI DIVERSIFIE,4,563.22,4.03%,1.55%,3.79%,0.89%,11.28%,10.23%,18.03%
2022-06-24,ATTIJARI DIVERSIFIE,4,563.99,3.90%,0.14%,3.53%,0.83%,11.22%,10.90%,17.44%
2022-07-01,ATTIJARI DIVERSIFIE,4,558.39,4.86%,0.99%,4.86%,1.82%,9.65%,9.75%,15.97%
2022-07-08,ATTIJARI DIVERSIFIE,4,558.82,4.78%,0.08%,5.06%,1.42%,9.75%,9.40%,14.83%
2022-07-15,ATTIJARI DIVERSIFIE,4,561.04,4.41%,0.40%,5.43%,0.94%,9.87%,8.57%,15.63%
2022-07-22,ATTIJARI DIVERSIFIE,4,563.25,4.03%,0.39%,4.87%,0.66%,10.26%,8.59%,16.78%
2022-07-29,ATTIJARI DIVERSIFIE,4,562.02,4.24%,0.22%,4.91%,1.49%,10.06%,8.21%,15.99%
2022-08-05,ATTIJARI DIVERSIFIE,4,564.88,3.75%,0.51%,4.73%,1.23%,10.26%,9.37%,16.87%
2022-08-12,ATTIJARI DIVERSIFIE,4,569.59,2.95%,0.83%,4.02%,0.66%,11.17%,10.16%,17.54%
2022-08-19,ATTIJARI DIVERSIFIE,4,569.37,2.99%,0.04%,3.43%,0.74%,11.09%,10.04%,17.58%
2022-08-26,ATTIJARI DIVERSIFIE,4,568.18,3.19%,0.21%,2.02%,1.27%,11.18%,9.22%,17.48%
2022-09-02,ATTIJARI DIVERSIFIE,4,566.15,3.54%,0.36%,1.41%,1.67%,10.35%,9.22%,16.52%
2022-09-09,ATTIJARI DIVERSIFIE,4,567.3,3.34%,0.20%,0.85%,1.92%,10.61%,9.35%,16.08%
2022-09-16,ATTIJARI DIVERSIFIE,4,566.63,3.45%,0.12%,1.92%,2.42%,10.96%,10.23%,15.70%
2022-09-23,ATTIJARI DIVERSIFIE,4,566.65,3.45%,0.00%,1.37%,2.63%,11.42%,10.34%,16.40%
2022-09-30,ATTIJARI DIVERSIFIE,4,551.08,6.10%,2.75%,4.61%,5.25%,7.82%,7.50%,13.54%
2022-10-07,ATTIJARI DIVERSIFIE,4,552.7,5.83%,0.29%,4.34%,5.25%,7.40%,7.72%,13.26%
2022-10-14,ATTIJARI DIVERSIFIE,4,547.97,6.63%,0.86%,5.26%,6.53%,5.96%,6.33%,12.02%
2022-10-21,ATTIJARI DIVERSIFIE,4,540.72,7.87%,1.32%,7.03%,7.85%,4.24%,4.82%,11.08%
2022-10-28,ATTIJARI DIVERSIFIE,4,538.84,8.19%,0.35%,7.00%,8.67%,4.47%,4.38%,10.38%
2022-11-04,ATTIJARI DIVERSIFIE,4,536.71,8.55%,0.40%,7.13%,8.74%,3.19%,3.82%,9.79%
2022-11-11,ATTIJARI DIVERSIFIE,4,530.77,9.56%,1.11%,7.19%,9.64%,1.84%,2.34%,7.96%
2022-11-21,ATTIJARI DIVERSIFIE,4,536.86,8.53%,1.15%,5.55%,8.34%,2.39%,2.50%,9.17%
2022-11-25,ATTIJARI DIVERSIFIE,4,539.76,8.03%,0.54%,5.04%,7.84%,2.94%,3.05%,9.76%
2022-12-02,ATTIJARI DIVERSIFIE,4,542.32,7.60%,0.47%,5.39%,7.21%,2.98%,3.50%,10.45%
2022-12-09,ATTIJARI DIVERSIFIE,4,546.24,6.93%,0.72%,4.51%,6.86%,2.05%,3.47%,11.38%
2022-12-16,ATTIJARI DIVERSIFIE,4,542.21,7.61%,0.74%,3.73%,7.37%,0.22%,1.78%,10.56%
2022-12-23,ATTIJARI DIVERSIFIE,4,541.01,7.82%,0.22%,4.07%,7.46%,0.50%,1.39%,10.86%
2022-12-31,ATTIJARI DIVERSIFIE,4,536.23,8.63%,0.88%,3.97%,8.63%,0.81%,0.98%,9.26%
2023-01-06,ATTIJARI DIVERSIFIE,4,505.64,5.70%,5.70%,9.52%,14.10%,6.31%,5.79%,2.77%
2023-01-20,ATTIJARI DIVERSIFIE,4,512.96,4.34%,0.36%,8.93%,13.36%,6.14%,5.85%,3.19%
2023-01-27,ATTIJARI DIVERSIFIE,4,510.65,4.77%,0.45%,9.14%,13.61%,6.74%,5.92%,2.49%
2023-02-03,ATTIJARI DIVERSIFIE,4,516.48,3.68%,1.14%,8.57%,12.89%,6.29%,3.08%,3.32%
2023-02-10,ATTIJARI DIVERSIFIE,4,523.04,2.46%,1.27%,8.17%,11.87%,4.89%,2.54%,4.86%
2023-02-17,ATTIJARI DIVERSIFIE,4,522.44,2.57%,0.11%,8.24%,11.39%,4.78%,3.32%,4.55%
2023-02-24,ATTIJARI DIVERSIFIE,4,525.17,2.06%,0.52%,7.57%,9.44%,3.70%,1.86%,4.94%
2023-03-03,ATTIJARI DIVERSIFIE,4,523.34,2.40%,0.35%,7.56%,8.87%,3.84%,0.54%,4.60%
2023-03-10,ATTIJARI DIVERSIFIE,4,521.08,2.83%,0.43%,8.15%,8.93%,4.68%,3.59%,4.09%
2023-03-17,ATTIJARI DIVERSIFIE,4,518.39,3.33%,0.52%,8.51%,10.27%,5.02%,6.64%,3.70%
2023-03-24,ATTIJARI DIVERSIFIE,4,517.21,3.55%,0.23%,8.72%,9.97%,5.15%,6.20%,3.71%
2023-04-07,ATTIJARI DIVERSIFIE,4,517.84,3.43%,0.05%,6.31%,10.37%,5.49%,7.57%,3.58%
2023-04-14,ATTIJARI DIVERSIFIE,4,517.48,3.50%,0.07%,5.56%,10.53%,5.88%,8.00%,3.36%
2023-04-21,ATTIJARI DIVERSIFIE,4,518.38,3.33%,0.17%,4.13%,10.87%,5.86%,8.41%,3.40%
2023-04-28,ATTIJARI DIVERSIFIE,4,518.34,3.34%,0.01%,3.80%,10.54%,6.40%,7.03%,3.26%
2023-05-05,ATTIJARI DIVERSIFIE,4,516.48,3.68%,0.36%,3.77%,10.63%,7.31%,6.23%,2.85%
2023-05-12,ATTIJARI DIVERSIFIE,4,521.64,2.72%,1.00%,1.72%,8.79%,6.93%,7.54%,4.48%
2023-05-19,ATTIJARI DIVERSIFIE,4,524.11,2.26%,0.47%,2.37%,8.35%,6.43%,6.74%,5.31%
2023-05-26,ATTIJARI DIVERSIFIE,4,528.18,1.50%,0.78%,2.15%,7.08%,5.89%,6.88%,5.92%
2023-06-02,ATTIJARI DIVERSIFIE,4,531.67,0.85%,0.66%,1.96%,7.25%,5.96%,6.44%,7.54%
2023-06-09,ATTIJARI DIVERSIFIE,4,529.85,1.19%,0.34%,3.00%,7.38%,6.61%,6.45%,6.82%
2023-06-16,ATTIJARI DIVERSIFIE,4,535.94,0.05%,1.15%,1.16%,4.84%,5.69%,5.89%,8.34%
2023-06-23,ATTIJARI DIVERSIFIE,4,543.38,1.33%,1.39%,0.44%,3.65%,4.46%,7.16%,9.87%
2023-07-03,ATTIJARI DIVERSIFIE,4,545.96,1.81%,0.47%,1.81%,2.23%,4.01%,7.20%,11.25%
2023-07-07,ATTIJARI DIVERSIFIE,4,546.75,1.96%,0.14%,8.13%,2.16%,3.55%,7.38%,11.54%
2023-07-14,ATTIJARI DIVERSIFIE,4,548.33,2.26%,0.29%,6.51%,2.27%,3.18%,7.38%,12.45%
2023-07-21,ATTIJARI DIVERSIFIE,4,553.02,3.13%,0.86%,7.81%,1.82%,2.46%,8.25%,13.39%
2023-07-28,ATTIJARI DIVERSIFIE,4,557.51,3.97%,0.81%,9.18%,0.80%,2.28%,9.17%,13.22%
2023-08-04,ATTIJARI DIVERSIFIE,4,560.63,4.55%,0.56%,8.55%,0.75%,1.97%,9.43%,13.82%
2023-08-11,ATTIJARI DIVERSIFIE,4,559.0,4.25%,0.29%,6.88%,1.86%,2.50%,9.10%,13.53%
2023-08-18,ATTIJARI DIVERSIFIE,4,558.46,4.15%,0.10%,6.89%,1.92%,2.65%,8.96%,13.65%
2023-08-25,ATTIJARI DIVERSIFIE,4,558.3,4.12%,0.03%,6.31%,1.74%,2.99%,9.25%,13.62%
2023-09-08,ATTIJARI DIVERSIFIE,4,554.87,3.48%,0.62%,6.48%,2.19%,4.07%,8.18%,14.43%
2023-09-15,ATTIJARI DIVERSIFIE,4,555.46,3.59%,0.11%,7.15%,1.97%,4.34%,8.77%,14.28%
2023-09-22,ATTIJARI DIVERSIFIE,4,555.54,3.60%,0.01%,7.41%,1.96%,4.54%,9.23%,14.28%
2023-10-02,ATTIJARI DIVERSIFIE,4,556.47,3.77%,0.17%,7.51%,0.98%,4.32%,8.88%,14.23%
2023-10-06,ATTIJARI DIVERSIFIE,4,564.91,5.35%,1.52%,9.09%,2.21%,3.16%,9.78%,15.94%
2023-10-13,ATTIJARI DIVERSIFIE,4,563.35,5.06%,0.28%,8.86%,2.81%,3.91%,8.93%,15.72%
2023-10-20,ATTIJARI DIVERSIFIE,4,562.1,4.82%,0.22%,8.43%,3.95%,4.21%,8.36%,15.57%
2023-10-27,ATTIJARI DIVERSIFIE,4,557.73,4.01%,0.78%,7.60%,3.51%,5.47%,8.13%,14.88%
2023-11-03,ATTIJARI DIVERSIFIE,4,558.32,4.12%,0.11%,8.10%,4.03%,5.07%,7.35%,15.51%
2023-11-10,ATTIJARI DIVERSIFIE,4,557.66,4.00%,0.12%,6.91%,5.07%,5.07%,7.00%,14.97%
2023-11-17,ATTIJARI DIVERSIFIE,4,560.17,4.46%,0.45%,6.88%,4.34%,4.73%,6.61%,15.48%
2023-11-24,ATTIJARI DIVERSIFIE,4,561.12,4.64%,0.17%,6.24%,3.96%,4.19%,7.01%,15.93%
2023-12-04,ATTIJARI DIVERSIFIE,4,559.26,4.29%,0.33%,5.19%,3.12%,4.31%,6.20%,14.81%
2023-12-08,ATTIJARI DIVERSIFIE,4,561.81,4.77%,0.46%,6.03%,2.85%,4.21%,4.96%,15.32%
2023-12-15,ATTIJARI DIVERSIFIE,4,568.39,6.00%,1.17%,6.05%,4.83%,2.90%,5.06%,16.77%
2023-12-22,ATTIJARI DIVERSIFIE,4,570.36,6.36%,0.35%,4.97%,5.43%,2.44%,5.95%,17.05%
2023-12-29,ATTIJARI DIVERSIFIE,4,568.13,5.95%,0.39%,4.06%,5.95%,3.20%,5.09%,16.85%
2024-01-05,ATTIJARI DIVERSIFIE,4,574.33,1.09%,1.09%,5.04%,13.58%,2.43%,6.42%,18.27%
2024-01-12,ATTIJARI DIVERSIFIE,4,574.33,1.09%,1.09%,5.04%,13.58%,2.43%,6.42%,18.27%
2024-01-19,ATTIJARI DIVERSIFIE,4,584.39,2.86%,0.32%,5.67%,13.93%,1.30%,6.93%,19.80%
2024-01-26,ATTIJARI DIVERSIFIE,4,582.48,2.53%,0.33%,4.48%,14.07%,1.45%,6.37%,18.82%
2024-02-02,ATTIJARI DIVERSIFIE,4,580.9,2.25%,0.27%,3.62%,12.47%,2.03%,5.39%,18.32%
2024-02-09,ATTIJARI DIVERSIFIE,4,586.21,3.18%,0.91%,4.87%,12.08%,1.22%,6.60%,19.17%
2024-02-16,ATTIJARI DIVERSIFIE,4,590.15,3.88%,0.67%,5.67%,12.96%,0.10%,7.56%,19.39%
2024-02-23,ATTIJARI DIVERSIFIE,4,595.44,4.81%,0.90%,6.65%,13.38%,2.68%,9.19%,20.28%
2024-03-01,ATTIJARI DIVERSIFIE,4,593.68,4.50%,0.30%,6.33%,13.44%,3.38%,9.09%,20.32%
2024-03-08,ATTIJARI DIVERSIFIE,4,591.31,4.08%,0.40%,6.57%,13.48%,3.34%,8.17%,19.94%
2024-03-15,ATTIJARI DIVERSIFIE,4,596.11,4.92%,0.81%,7.32%,14.99%,3.19%,9.22%,21.60%
2024-03-22,ATTIJARI DIVERSIFIE,4,593.41,4.45%,0.45%,6.82%,14.73%,3.29%,8.83%,20.77%
2024-03-29,ATTIJARI DIVERSIFIE,4,594.99,4.73%,0.27%,6.92%,14.96%,2.99%,8.71%,21.80%
2024-04-05,ATTIJARI DIVERSIFIE,4,594.29,4.60%,0.12%,5.20%,14.76%,2.86%,8.46%,21.59%
2024-04-15,ATTIJARI DIVERSIFIE,4,595.25,4.77%,0.16%,5.90%,14.83%,2.35%,8.10%,20.26%
2024-04-22,ATTIJARI DIVERSIFIE,4,596.15,4.93%,0.15%,6.06%,15.00%,2.50%,8.26%,20.44%
2024-04-26,ATTIJARI DIVERSIFIE,4,595.41,4.80%,0.12%,6.76%,14.87%,2.76%,7.51%,20.17%
2024-05-03,ATTIJARI DIVERSIFIE,4,597.78,5.22%,0.40%,7.07%,15.74%,3.44%,7.28%,20.57%
2024-05-10,ATTIJARI DIVERSIFIE,4,599.54,5.53%,0.29%,7.51%,14.93%,4.83%,6.97%,20.07%
2024-05-17,ATTIJARI DIVERSIFIE,4,597.13,5.10%,0.40%,6.60%,13.93%,4.42%,6.61%,18.85%
2024-05-24,ATTIJARI DIVERSIFIE,4,597.24,5.12%,0.02%,6.44%,13.08%,5.07%,6.42%,19.32%
2024-05-31,ATTIJARI DIVERSIFIE,4,597.49,5.17%,0.04%,6.84%,12.38%,4.24%,5.68%,19.36%
2024-06-07,ATTIJARI DIVERSIFIE,4,595.95,4.90%,0.26%,6.08%,12.48%,4.18%,5.04%,19.17%
2024-06-14,ATTIJARI DIVERSIFIE,4,595.25,4.77%,0.12%,4.73%,11.07%,5.69%,4.75%,18.43%
2024-06-21,ATTIJARI DIVERSIFIE,4,596.04,4.91%,0.13%,4.50%,9.69%,5.68%,4.80%,16.66%
2024-06-28,ATTIJARI DIVERSIFIE,4,601.74,5.92%,0.96%,5.92%,10.22%,7.76%,5.80%,18.32%
2024-07-05,ATTIJARI DIVERSIFIE,4,601.74,5.92%,0.96%,5.92%,10.22%,7.76%,5.80%,18.32%
2024-07-12,ATTIJARI DIVERSIFIE,4,610.75,7.50%,0.81%,4.84%,11.38%,8.86%,7.84%,19.57%
2024-07-19,ATTIJARI DIVERSIFIE,4,614.15,8.10%,0.56%,5.09%,11.05%,9.04%,8.32%,18.85%
2024-07-26,ATTIJARI DIVERSIFIE,4,616.09,8.44%,0.32%,5.77%,10.51%,9.62%,7.99%,18.78%
2024-08-02,ATTIJARI DIVERSIFIE,4,621.35,9.37%,0.85%,6.96%,10.83%,10.00%,8.65%,19.64%
2024-08-09,ATTIJARI DIVERSIFIE,4,617.88,8.76%,0.56%,5.40%,10.53%,8.48%,7.76%,19.63%
2024-08-16,ATTIJARI DIVERSIFIE,4,620.06,9.14%,0.35%,5.07%,11.03%,8.90%,8.09%,19.92%
2024-08-23,ATTIJARI DIVERSIFIE,4,622.12,9.50%,0.33%,4.48%,11.43%,9.49%,8.10%,20.23%
2024-08-31,ATTIJARI DIVERSIFIE,4,625.07,10.02%,0.47%,5.29%,11.95%,10.41%,8.57%,20.16%
2024-09-06,ATTIJARI DIVERSIFIE,4,624.9,9.99%,0.03%,5.68%,12.62%,10.15%,8.04%,20.55%
2024-09-13,ATTIJARI DIVERSIFIE,4,625.98,10.18%,0.17%,5.01%,12.70%,10.47%,7.80%,20.66%
2024-09-20,ATTIJARI DIVERSIFIE,4,631.71,11.19%,0.92%,6.45%,13.71%,11.48%,8.55%,22.89%
2024-09-27,ATTIJARI DIVERSIFIE,4,633.93,11.58%,0.35%,6.54%,13.92%,15.03%,8.99%,23.44%
2024-10-04,ATTIJARI DIVERSIFIE,4,628.32,10.59%,0.88%,5.73%,11.22%,13.68%,7.71%,22.56%
2024-10-11,ATTIJARI DIVERSIFIE,4,628.14,10.56%,0.03%,5.53%,11.50%,14.63%,7.14%,22.42%
2024-10-18,ATTIJARI DIVERSIFIE,4,628.63,10.65%,0.08%,5.45%,11.84%,16.26%,7.13%,21.99%
2024-10-25,ATTIJARI DIVERSIFIE,4,629.56,10.81%,0.15%,5.74%,12.88%,16.84%,6.70%,22.04%
2024-11-01,ATTIJARI DIVERSIFIE,4,630.79,11.03%,0.20%,5.52%,12.98%,17.53%,7.25%,22.19%
2024-11-08,ATTIJARI DIVERSIFIE,4,638.42,12.37%,1.21%,6.48%,14.48%,20.28%,8.68%,23.50%
2024-11-15,ATTIJARI DIVERSIFIE,4,641.69,12.95%,0.51%,7.46%,14.55%,19.53%,9.13%,23.73%
2024-11-22,ATTIJARI DIVERSIFIE,4,641.24,12.87%,0.07%,7.37%,14.28%,18.80%,9.49%,22.65%
2024-11-29,ATTIJARI DIVERSIFIE,4,638.63,12.41%,0.41%,6.89%,14.19%,17.76%,9.27%,21.93%
2024-12-06,ATTIJARI DIVERSIFIE,4,636.89,12.10%,0.27%,6.87%,13.36%,16.60%,8.59%,21.55%
2024-12-13,ATTIJARI DIVERSIFIE,4,636.17,11.98%,0.11%,6.87%,11.92%,17.33%,8.68%,20.50%
2024-12-20,ATTIJARI DIVERSIFIE,4,638.59,12.40%,0.38%,7.14%,11.96%,18.04%,9.23%,19.87%
2024-12-27,ATTIJARI DIVERSIFIE,4,638.1,12.32%,0.08%,6.04%,12.32%,19.00%,8.72%,19.58%
2025-01-06,ATTIJARI DIVERSIFIE,4,652.31,2.23%,2.23%,7.67%,13.58%,29.01%,10.82%,22.84%
2025-01-10,ATTIJARI DIVERSIFIE,4,659.31,3.32%,1.07%,7.95%,13.18%,28.06%,11.14%,22.84%
2025-01-17,ATTIJARI DIVERSIFIE,4,661.4,3.65%,0.32%,7.69%,13.18%,28.94%,11.71%,22.01%
2025-01-24,ATTIJARI DIVERSIFIE,4,657.68,3.07%,0.56%,6.75%,12.91%,28.79%,11.27%,20.71%
2025-01-31,ATTIJARI DIVERSIFIE,4,667.17,4.56%,1.44%,7.37%,14.85%,29.18%,12.52%,22.91%
2025-02-07,ATTIJARI DIVERSIFIE,4,666.89,4.51%,0.04%,7.93%,13.76%,27.50%,12.37%,25.15%
2025-02-14,ATTIJARI DIVERSIFIE,4,670.46,5.07%,0.54%,8.13%,13.61%,28.33%,13.72%,24.93%
2025-02-21,ATTIJARI DIVERSIFIE,4,677.16,6.12%,1.00%,8.85%,13.72%,28.94%,16.77%,25.31%
2025-03-07,ATTIJARI DIVERSIFIE,4,672.18,5.34%,0.48%,7.57%,13.68%,29.00%,17.48%,29.13%
2025-03-14,ATTIJARI DIVERSIFIE,4,673.03,5.47%,0.13%,7.52%,12.90%,29.83%,16.50%,33.80%
2025-03-21,ATTIJARI DIVERSIFIE,4,696.9,9.21%,3.55%,10.32%,17.44%,34.74%,21.30%,43.36%
2025-03-28,ATTIJARI DIVERSIFIE,4,700.17,9.73%,0.47%,10.45%,17.68%,35.28%,21.20%,43.76%
2025-04-11,ATTIJARI DIVERSIFIE,4,665.52,4.30%,3.38%,5.95%,11.81%,28.61%,15.06%,38.25%
2025-04-18,ATTIJARI DIVERSIFIE,4,686.95,7.66%,3.22%,9.28%,15.23%,32.52%,18.11%,43.36%
2025-04-25,ATTIJARI DIVERSIFIE,4,689.27,8.02%,0.34%,9.48%,15.76%,32.98%,18.96%,44.15%
2025-05-02,ATTIJARI DIVERSIFIE,4,694.75,8.88%,0.80%,10.14%,16.22%,34.52%,20.22%,43.45%
2025-05-09,ATTIJARI DIVERSIFIE,4,699.69,9.65%,0.71%,9.60%,16.70%,34.13%,22.34%,43.91%
2025-05-23,ATTIJARI DIVERSIFIE,4,706.81,10.77%,1.04%,10.23%,18.35%,33.82%,24.35%,43.94%
2025-05-30,ATTIJARI DIVERSIFIE,4,706.68,10.75%,0.02%,10.66%,18.27%,32.92%,23.29%,43.00%
2025-06-06,ATTIJARI DIVERSIFIE,4,716.33,12.26%,1.37%,12.47%,20.20%,35.19%,25.22%,43.41%
2025-06-13,ATTIJARI DIVERSIFIE,4,715.66,12.15%,0.09%,12.50%,20.23%,33.53%,27.07%,43.78%
2025-06-20,ATTIJARI DIVERSIFIE,4,707.86,10.93%,1.09%,10.85%,18.76%,30.27%,25.51%,39.86%
2025-06-30,ATTIJARI DIVERSIFIE,4,715.95,12.20%,1.14%,9.76%,18.18%,31.14%,28.12%,40.58%
2025-07-04,ATTIJARI DIVERSIFIE,4,723.12,13.32%,1.00%,10.86%,19.36%,32.26%,29.40%,41.99%
2025-07-11,ATTIJARI DIVERSIFIE,4,728.18,14.12%,0.70%,10.45%,19.23%,32.80%,29.79%,43.01%
2025-07-18,ATTIJARI DIVERSIFIE,4,732.48,14.79%,0.59%,10.75%,19.27%,32.45%,30.05%,43.44%
2025-07-25,ATTIJARI DIVERSIFIE,4,739.48,15.89%,0.96%,12.44%,20.03%,32.64%,31.58%,44.75%
2025-08-01,ATTIJARI DIVERSIFIE,4,743.94,16.59%,0.60%,11.51%,19.73%,32.70%,31.70%,45.68%
2025-08-08,ATTIJARI DIVERSIFIE,4,748.72,17.34%,0.64%,12.27%,21.18%,33.94%,31.45%,46.14%
2025-08-15,ATTIJARI DIVERSIFIE,4,747.17,17.09%,0.21%,11.44%,20.50%,33.79%,31.23%,45.83%
2025-08-22,ATTIJARI DIVERSIFIE,4,750.71,17.65%,0.47%,10.86%,20.67%,34.46%,32.13%,46.47%
2025-08-29,ATTIJARI DIVERSIFIE,4,753.24,18.04%,0.34%,11.52%,20.50%,34.90%,33.05%,47.39%
2025-09-08,ATTIJARI DIVERSIFIE,4,753.74,18.12%,0.07%,11.99%,20.41%,35.70%,33.02%,46.96%
2025-09-12,ATTIJARI DIVERSIFIE,4,748.92,17.37%,0.64%,11.28%,19.64%,34.83%,32.17%,46.02%
2025-09-19,ATTIJARI DIVERSIFIE,4,756.02,18.48%,0.95%,8.48%,19.68%,36.09%,33.42%,48.04%
2025-09-26,ATTIJARI DIVERSIFIE,4,743.56,16.53%,1.65%,6.20%,17.29%,33.62%,34.93%,46.20%
2025-10-03,ATTIJARI DIVERSIFIE,4,732.35,14.77%,1.51%,6.32%,16.56%,29.64%,32.50%,43.29%
2025-10-10,ATTIJARI DIVERSIFIE,4,726.28,13.82%,0.83%,9.13%,15.62%,28.92%,32.54%,41.13%
2025-10-17,ATTIJARI DIVERSIFIE,4,724.39,13.52%,0.26%,5.45%,15.23%,28.87%,33.97%,40.07%
2025-10-24,ATTIJARI DIVERSIFIE,4,741.03,16.13%,2.30%,7.51%,17.71%,32.87%,37.52%,42.85%
2025-10-31,ATTIJARI DIVERSIFIE,4,747.63,17.17%,0.89%,7.61%,18.52%,33.91%,39.30%,44.95%
2025-11-07,ATTIJARI DIVERSIFIE,4,740.59,16.06%,0.94%,5.85%,16.00%,32.80%,39.53%,42.39%
2025-11-14,ATTIJARI DIVERSIFIE,4,726.77,13.90%,1.87%,3.89%,13.26%,29.74%,35.37%,39.45%
2025-11-21,ATTIJARI DIVERSIFIE,4,715.36,12.11%,1.57%,1.21%,11.56%,27.49%,32.53%,36.14%
2025-11-28,ATTIJARI DIVERSIFIE,4,723.81,13.43%,1.18%,2.42%,13.34%,29.42%,33.47%,38.04%
2025-12-05,ATTIJARI DIVERSIFIE,4,720.56,12.92%,0.45%,0.59%,13.14%,28.26%,31.91%,36.83%
2025-12-12,ATTIJARI DIVERSIFIE,4,722.94,13.30%,0.33%,1.02%,13.64%,27.19%,33.33%,35.06%
2025-12-19,ATTIJARI DIVERSIFIE,4,731.87,14.70%,1.24%,3.39%,14.61%,28.32%,35.28%,35.28%
